{
  "$schema": "./node_modules/@angular/cli/lib/config/schema.json",
  "project": {
    "name": "dmles-angular"
  },
  "apps": [
    {
      "root": "src",
      "outDir": "dist",
      "assets": [
        "assets",
        "favicon.ico",
        "fonts",
        "images"
      ],
      "index": "index.html",
      "main": "main.ts",
      "polyfills": "polyfills.ts",
      "test": "test.ts",
      "tsconfig": "tsconfig.app.json",
      "testTsconfig": "tsconfig.spec.json",
      "prefix": "lc",
      "styles": [
        "styles.scss",
        "../node_modules/@swimlane/ngx-datatable/release/index.css",
        "../node_modules/@swimlane/ngx-datatable/release/themes/bootstrap.css",
        "../node_modules/@swimlane/ngx-datatable/release/assets/icons.css",
        "../node_modules/ag-grid/dist/styles/ag-grid.css",
        "../node_modules/ag-grid/dist/styles/ag-theme-bootstrap.css",
        "../node_modules/ag-grid/dist/styles/theme-bootstrap.css",
        "../node_modules/ag-grid/dist/styles/ag-theme-fresh.css",
        "../node_modules/ag-grid/dist/styles/theme-fresh.css",
        "../node_modules/ag-grid/dist/styles/ag-theme-blue.css",
        "../node_modules/ag-grid/dist/styles/theme-blue.css"
      ],
      "stylePreprocessorOptions": {
        "includePaths": [
          "assets/scss",
          "assets/colors",
          "assets/styles",
          "../node_modules/angular-rangeslider",
          "../node_modules/animate.css",
          "../node_modules/daterangepicker",
          "../node_modules/bootstrap/scss",
          "../node_modules/ngx-toastr"
        ]
      },
      "scripts": [
        "../node_modules/jquery/dist/jquery.slim.js",
        "../node_modules/popper.js/dist/umd/popper.js",
        "../node_modules/tooltip.js/dist/umd/tooltip.js",
        "../node_modules/bootstrap/dist/js/bootstrap.bundle.js"
      ],
      "environmentSource": "environments/environment.ts",
      "environments": {
        "dev": "environments/environment.ts",
        "prod": "environments/environment.prod.ts"
      }
    }
  ],
  "e2e": {
    "protractor": {
      "config": "./protractor.conf.js"
    }
  },
  "lint": [
    {
      "project": "src/tsconfig.app.json",
      "exclude": "**/node_modules/**"
    },
    {
      "project": "src/tsconfig.spec.json",
      "exclude": "**/node_modules/**"
    },
    {
      "project": "e2e/tsconfig.e2e.json",
      "exclude": "**/node_modules/**"
    }
  ],
  "test": {
    "karma": {
      "config": "./karma.conf.js"
    }
  },
  "defaults": {
    "styleExt": "scss",
    "component": {
    }
  }
}
